codigo_ibge;nome;uf;populacao;ano_ref
5208707;Goiânia;GO;1511709;2026
5201405;Aparecida de Goiânia;GO;560996;2026
5201108;Anápolis;GO;424647;2026
5218805;Rio Verde;GO;244881;2026
5300108;Brasília;DF;3009996;2026
3550308;São Paulo;SP;11911337;2026
3509502;Campinas;SP;1189761;2026
3548500;Santos;SP;429528;2026
3304557;Rio de Janeiro;RJ;6731133;2026
3303302;Niterói;RJ;516820;2026
3106200;Belo Horizonte;MG;2415451;2026
3170206;Uberlândia;MG;768339;2026
4106902;Curitiba;PR;1832183;2026
4113700;Londrina;PR;584465;2026
4314902;Porto Alegre;RS;1388791;2026
4305108;Caxias do Sul;RS;479604;2026
2927408;Salvador;BA;2559945;2026
2910800;Feira de Santana;BA;663408;2026
2611606;Recife;PE;1588983;2026
2609600;Olinda;PE;364087;2026
2304400;Fortaleza;CE;2582360;2026
1302603;Manaus;AM;2327101;2026
1501402;Belém;PA;1396157;2026
2408102;Natal;RN;783196;2026
2507507;João Pessoa;PB;906093;2026
2704302;Maceió;AL;995134;2026
2800308;Aracaju;SE;623328;2026
2211001;Teresina;PI;908012;2026
2111300;São Luís;MA;1090229;2026
5103403;Cuiabá;MT;698917;2026
5002704;Campo Grande;MS;970843;2026
4205407;Florianópolis;SC;598370;2026
4209102;Joinville;SC;673980;2026
3205309;Vitória;ES;343935;2026
1721000;Palmas;TO;333154;2026
1100205;Porto Velho;RO;520379;2026
1200401;Rio Branco;AC;390058;2026
1600303;Macapá;AP;491987;2026
1400100;Boa Vista;RR;500965;2026
