data;cotacao_compra;cotacao_venda
1996-01-02;0.971600;0.972600
1996-01-03;0.971700;0.972700
1996-01-04;0.971800;0.972800
1996-01-05;0.971700;0.972700
1996-01-08;0.971600;0.972600
1996-01-09;0.971600;0.972600
1996-01-10;0.971600;0.972600
1996-01-12;0.972400;0.973400
1996-01-15;0.971700;0.972700
1996-01-16;0.971600;0.972600
1996-01-17;0.971700;0.972700
1996-01-18;0.971900;0.972900
1996-01-19;0.972200;0.973200
1996-01-22;0.973600;0.974600
1996-01-23;0.975600;0.976600
1996-01-24;0.975900;0.976900
1996-01-25;0.975800;0.976800
1996-01-26;0.977400;0.978400
1996-01-29;0.977800;0.978800
1996-01-30;0.977700;0.978700
1996-01-31;0.977600;0.978600
1996-02-01;0.977600;0.978600
1996-02-02;0.977600;0.978600
1996-02-05;0.977700;0.978700
1996-02-06;0.977600;0.978600
1996-02-07;0.977800;0.978800
1996-02-08;0.977700;0.978700
1996-02-09;0.977800;0.978800
1996-02-12;0.977700;0.978700
1996-02-13;0.979600;0.980600
1996-02-14;0.980300;0.981300
1996-02-15;0.982400;0.983400
1996-02-16;0.982200;0.983200
1996-02-21;0.981300;0.982300
1996-02-22;0.981400;0.982400
1996-02-23;0.981200;0.982200
1996-02-26;0.982600;0.983600
1996-02-27;0.983000;0.984000
1996-02-28;0.982800;0.983800
1996-02-29;0.983200;0.984200
1996-03-01;0.983200;0.984000
1996-03-04;0.982900;0.983700
1996-03-05;0.982900;0.983700
1996-03-06;0.982900;0.983700
1996-03-07;0.983700;0.984500
1996-03-08;0.983500;0.984300
1996-03-11;0.983500;0.984300
1996-03-12;0.983400;0.984200
1996-03-13;0.984600;0.985400
1996-03-14;0.986100;0.986900
1996-03-15;0.986000;0.986800
1996-03-18;0.985800;0.986600
1996-03-19;0.986000;0.986800
1996-03-20;0.987500;0.988300
1996-03-21;0.986600;0.987400
1996-03-22;0.986700;0.987500
1996-03-25;0.987100;0.987900
1996-03-26;0.987300;0.988100
1996-03-27;0.987500;0.988300
1996-03-28;0.987300;0.988100
1996-03-29;0.987200;0.988000
1996-04-01;0.987300;0.988100
1996-04-02;0.986700;0.987500
1996-04-03;0.986600;0.987400
1996-04-08;0.986700;0.987500
1996-04-09;0.987800;0.988600
1996-04-11;0.988800;0.989600
1996-04-12;0.989700;0.990500
1996-04-15;0.989100;0.989900
1996-04-16;0.989500;0.990300
1996-04-17;0.989200;0.990000
1996-04-18;0.988800;0.989600
1996-04-19;0.990700;0.991500
1996-04-22;0.990800;0.991600
1996-04-23;0.990700;0.991500
1996-04-24;0.990800;0.991600
1996-04-25;0.990900;0.991700
1996-04-26;0.991400;0.992200
1996-04-29;0.991800;0.992600
1996-04-30;0.991700;0.992500
1996-05-02;0.991700;0.992500
1996-05-03;0.991800;0.992600
1996-05-06;0.991800;0.992600
1996-05-07;0.991900;0.992700
1996-05-08;0.992000;0.992800
1996-05-09;0.993100;0.993900
1996-05-10;0.993800;0.994600
1996-05-13;0.994300;0.995100
1996-05-14;0.995200;0.996000
1996-05-15;0.995000;0.995800
1996-05-16;0.995700;0.996500
1996-05-17;0.995000;0.995800
1996-05-20;0.994800;0.995600
1996-05-21;0.994800;0.995600
1996-05-22;0.995000;0.995800
1996-05-23;0.995400;0.996200
1996-05-24;0.996000;0.996800
1996-05-27;0.995800;0.996600
1996-05-28;0.995700;0.996500
1996-05-29;0.995900;0.996700
1996-05-30;0.996300;0.997100
1996-05-31;0.997600;0.998400
1996-06-03;0.997800;0.998600
1996-06-04;0.997700;0.998500
1996-06-05;0.997900;0.998700
1996-06-07;0.998100;0.998900
1996-06-10;0.999000;0.999800
1996-06-11;0.998800;0.999600
1996-06-12;0.999900;1.000700
1996-06-13;0.999700;1.000500
1996-06-14;1.000700;1.001500
1996-06-17;1.000800;1.001600
1996-06-18;1.000800;1.001600
1996-06-19;1.001200;1.002000
1996-06-20;1.001700;1.002500
1996-06-21;1.002200;1.003000
1996-06-24;1.002200;1.003000
1996-06-25;1.002100;1.002900
1996-06-26;1.003100;1.003900
1996-06-27;1.002800;1.003600
1996-06-28;1.003600;1.004400
1996-07-01;1.003700;1.004500
1996-07-02;1.004400;1.005200
1996-07-03;1.004300;1.005100
1996-07-04;1.004100;1.004900
1996-07-05;1.004000;1.004800
1996-07-08;1.004100;1.004900
1996-07-09;1.004700;1.005500
1996-07-10;1.004900;1.005700
1996-07-11;1.004800;1.005600
1996-07-12;1.004800;1.005600
1996-07-15;1.005400;1.006200
1996-07-16;1.005700;1.006500
1996-07-17;1.005800;1.006600
1996-07-18;1.006300;1.007100
1996-07-19;1.006700;1.007500
1996-07-22;1.006900;1.007700
1996-07-23;1.007000;1.007800
1996-07-24;1.007800;1.008600
1996-07-25;1.007900;1.008700
1996-07-26;1.008400;1.009200
1996-07-29;1.009100;1.009900
1996-07-30;1.009900;1.010700
1996-07-31;1.010400;1.011200
1996-08-01;1.010000;1.010800
1996-08-02;1.009600;1.010400
1996-08-05;1.009300;1.010100
1996-08-06;1.009900;1.010700
1996-08-07;1.010800;1.011600
1996-08-08;1.010700;1.011500
1996-08-09;1.011100;1.011900
1996-08-12;1.011400;1.012200
1996-08-13;1.011800;1.012600
1996-08-14;1.012100;1.012900
1996-08-15;1.012200;1.013000
1996-08-16;1.012700;1.013500
1996-08-19;1.012800;1.013600
1996-08-20;1.013600;1.014400
1996-08-21;1.013900;1.014700
1996-08-22;1.014000;1.014800
1996-08-23;1.014500;1.015300
1996-08-26;1.014700;1.015500
1996-08-27;1.015100;1.015900
1996-08-28;1.015300;1.016100
1996-08-29;1.015900;1.016700
1996-08-30;1.016100;1.016900
1996-09-02;1.015700;1.016500
1996-09-03;1.015900;1.016700
1996-09-04;1.016400;1.017200
1996-09-05;1.016600;1.017400
1996-09-06;1.017100;1.017900
1996-09-09;1.018200;1.019000
1996-09-10;1.019400;1.020200
1996-09-11;1.018000;1.018800
1996-09-12;1.018900;1.019700
1996-09-13;1.019200;1.020000
1996-09-16;1.018400;1.019200
1996-09-17;1.018700;1.019500
1996-09-18;1.018800;1.019600
1996-09-19;1.018800;1.019600
1996-09-20;1.019100;1.019900
1996-09-23;1.019400;1.020200
1996-09-24;1.019400;1.020200
1996-09-25;1.019700;1.020500
1996-09-26;1.019700;1.020500
1996-09-27;1.020200;1.021000
1996-09-30;1.020700;1.021500
1996-10-01;1.020700;1.021500
1996-10-02;1.020700;1.021500
1996-10-04;1.021200;1.022000
1996-10-07;1.021700;1.022500
1996-10-08;1.021700;1.022500
1996-10-09;1.022500;1.023300
1996-10-10;1.023900;1.024700
1996-10-11;1.024600;1.025400
1996-10-14;1.023900;1.024700
1996-10-15;1.024300;1.025100
1996-10-16;1.024500;1.025300
1996-10-17;1.024200;1.025000
1996-10-18;1.024400;1.025200
1996-10-21;1.024600;1.025400
1996-10-22;1.025500;1.026300
1996-10-23;1.026200;1.027000
1996-10-24;1.025600;1.026400
1996-10-25;1.026400;1.027200
1996-10-28;1.027100;1.027900
1996-10-29;1.027700;1.028500
1996-10-30;1.026700;1.027500
1996-10-31;1.026800;1.027600
1996-11-01;1.027200;1.028000
1996-11-04;1.027200;1.028000
1996-11-05;1.027200;1.028000
1996-11-06;1.027200;1.028000
1996-11-07;1.028000;1.028800
1996-11-08;1.028700;1.029500
1996-11-11;1.028900;1.029700
1996-11-12;1.030300;1.031100
1996-11-13;1.030100;1.030900
1996-11-14;1.029700;1.030500
1996-11-18;1.029600;1.030400
1996-11-19;1.029500;1.030300
1996-11-20;1.030000;1.030800
1996-11-21;1.030300;1.031100
1996-11-22;1.030300;1.031100
1996-11-25;1.030300;1.031100
1996-11-26;1.031200;1.032000
1996-11-27;1.031600;1.032400
1996-11-28;1.032000;1.032800
1996-11-29;1.032400;1.033200
1996-12-02;1.032300;1.033100
1996-12-03;1.032300;1.033100
1996-12-04;1.033000;1.033800
1996-12-05;1.033800;1.034600
1996-12-06;1.034300;1.035100
1996-12-09;1.034200;1.035000
1996-12-10;1.035100;1.035900
1996-12-11;1.036100;1.036900
1996-12-12;1.036800;1.037600
1996-12-13;1.037300;1.038100
1996-12-16;1.038100;1.038900
1996-12-17;1.039900;1.040700
1996-12-18;1.037500;1.038300
1996-12-19;1.037600;1.038400
1996-12-20;1.037900;1.038700
1996-12-23;1.038000;1.038800
1996-12-24;1.038200;1.039000
1996-12-26;1.038100;1.038900
1996-12-27;1.039200;1.040000
1996-12-30;1.038600;1.039400
1996-12-31;1.038600;1.039400
1997-01-02;1.038700;1.039500
1997-01-03;1.039000;1.039800
1997-01-06;1.039700;1.040500
1997-01-07;1.039700;1.040500
1997-01-08;1.040200;1.041000
1997-01-09;1.040700;1.041500
1997-01-10;1.040600;1.041400
1997-01-13;1.041200;1.042000
1997-01-14;1.041400;1.042200
1997-01-15;1.041800;1.042600
1997-01-16;1.042800;1.043600
1997-01-17;1.043100;1.043900
1997-01-20;1.042400;1.043200
1997-01-21;1.042700;1.043500
1997-01-22;1.042800;1.043600
1997-01-23;1.043000;1.043800
1997-01-24;1.043300;1.044100
1997-01-27;1.043300;1.044100
1997-01-28;1.044100;1.044900
1997-01-29;1.044800;1.045600
1997-01-30;1.044900;1.045700
1997-01-31;1.045300;1.046100
1997-02-03;1.044900;1.045700
1997-02-04;1.045500;1.046300
1997-02-05;1.046200;1.047000
1997-02-06;1.046400;1.047200
1997-02-07;1.047200;1.048000
1997-02-12;1.046800;1.047600
1997-02-13;1.047900;1.048700
1997-02-14;1.048700;1.049500
1997-02-17;1.048300;1.049100
1997-02-18;1.048700;1.049500
1997-02-19;1.049600;1.050400
1997-02-20;1.049700;1.050500
1997-02-21;1.050000;1.050800
1997-02-24;1.049900;1.050700
1997-02-25;1.050300;1.051100
1997-02-26;1.050900;1.051700
1997-02-27;1.050700;1.051500
1997-02-28;1.050700;1.051500
1997-03-03;1.050700;1.051500
1997-03-04;1.050900;1.051700
1997-03-05;1.051800;1.052600
1997-03-06;1.052200;1.053000
1997-03-07;1.052400;1.053200
1997-03-10;1.052400;1.053200
1997-03-11;1.053100;1.053900
1997-03-12;1.053600;1.054400
1997-03-13;1.054900;1.055700
1997-03-14;1.054600;1.055400
1997-03-17;1.057400;1.058200
1997-03-18;1.058100;1.058900
1997-03-19;1.059700;1.060500
1997-03-20;1.059400;1.060200
1997-03-21;1.060300;1.061100
1997-03-24;1.060700;1.061500
1997-03-25;1.060400;1.061200
1997-03-26;1.060100;1.060900
1997-03-31;1.058500;1.059300
1997-04-01;1.058600;1.059400
1997-04-02;1.059000;1.059800
1997-04-03;1.057600;1.058400
1997-04-04;1.057700;1.058500
1997-04-07;1.058200;1.059000
1997-04-08;1.058000;1.058800
1997-04-09;1.058200;1.059000
1997-04-10;1.058100;1.058900
1997-04-11;1.058700;1.059500
1997-04-14;1.059200;1.060000
1997-04-15;1.059800;1.060600
1997-04-16;1.060300;1.061100
1997-04-17;1.060500;1.061300
1997-04-18;1.061000;1.061800
1997-04-22;1.062100;1.062900
1997-04-23;1.062500;1.063300
1997-04-24;1.062300;1.063100
1997-04-25;1.062400;1.063200
1997-04-28;1.062400;1.063200
1997-04-29;1.062500;1.063300
1997-04-30;1.063000;1.063800
1997-05-02;1.063500;1.064300
1997-05-05;1.063900;1.064700
1997-05-06;1.064200;1.065000
1997-05-07;1.064500;1.065300
1997-05-08;1.064300;1.065100
1997-05-09;1.065200;1.066000
1997-05-12;1.066500;1.067300
1997-05-13;1.067200;1.068000
1997-05-14;1.067500;1.068300
1997-05-15;1.067000;1.067800
1997-05-16;1.066900;1.067700
1997-05-19;1.067200;1.068000
1997-05-20;1.067700;1.068500
1997-05-21;1.068100;1.068900
1997-05-22;1.069000;1.069800
1997-05-23;1.070100;1.070900
1997-05-26;1.071300;1.072100
1997-05-27;1.072000;1.072800
1997-05-28;1.072400;1.073200
1997-05-30;1.070900;1.071700
1997-06-02;1.070100;1.070900
1997-06-03;1.070700;1.071500
1997-06-04;1.071800;1.072600
1997-06-05;1.072000;1.072800
1997-06-06;1.072000;1.072800
1997-06-09;1.072200;1.073000
1997-06-10;1.072100;1.072900
1997-06-11;1.072600;1.073400
1997-06-12;1.073000;1.073800
1997-06-13;1.073700;1.074500
1997-06-16;1.073300;1.074100
1997-06-17;1.073300;1.074100
1997-06-18;1.074200;1.075000
1997-06-19;1.074900;1.075700
1997-06-20;1.076900;1.077700
1997-06-23;1.076100;1.076900
1997-06-24;1.076200;1.077000
1997-06-25;1.076100;1.076900
1997-06-26;1.076000;1.076800
1997-06-27;1.076400;1.077200
1997-06-30;1.076100;1.076900
1997-07-01;1.076300;1.077100
1997-07-02;1.076500;1.077300
1997-07-03;1.077000;1.077800
1997-07-04;1.077100;1.077900
1997-07-07;1.077300;1.078100
1997-07-08;1.078200;1.079000
1997-07-09;1.078800;1.079600
1997-07-10;1.078900;1.079700
1997-07-11;1.079500;1.080300
1997-07-14;1.079800;1.080600
1997-07-15;1.080000;1.080800
1997-07-16;1.080300;1.081100
1997-07-17;1.080400;1.081200
1997-07-18;1.080800;1.081600
1997-07-21;1.080700;1.081500
1997-07-22;1.080900;1.081700
1997-07-23;1.081500;1.082300
1997-07-24;1.081400;1.082200
1997-07-25;1.081600;1.082400
1997-07-28;1.081900;1.082700
1997-07-29;1.082500;1.083300
1997-07-30;1.082600;1.083400
1997-07-31;1.082600;1.083400
1997-08-01;1.082700;1.083500
1997-08-04;1.082700;1.083500
1997-08-05;1.083500;1.084300
1997-08-06;1.083700;1.084500
1997-08-07;1.084300;1.085100
1997-08-08;1.085000;1.085800
1997-08-11;1.085000;1.085800
1997-08-12;1.085100;1.085900
1997-08-13;1.085500;1.086300
1997-08-14;1.085600;1.086400
1997-08-15;1.086500;1.087300
1997-08-18;1.087700;1.088500
1997-08-19;1.088600;1.089400
1997-08-20;1.088200;1.089000
1997-08-21;1.088000;1.088800
1997-08-22;1.090400;1.091200
1997-08-25;1.091200;1.092000
1997-08-26;1.091700;1.092500
1997-08-27;1.091400;1.092200
1997-08-29;1.090800;1.091600
1997-09-01;1.090600;1.091400
1997-09-02;1.091400;1.092200
1997-09-03;1.091700;1.092500
1997-09-04;1.091700;1.092500
1997-09-05;1.092100;1.092900
1997-09-08;1.090800;1.091600
1997-09-09;1.090700;1.091500
1997-09-10;1.091000;1.091800
1997-09-11;1.091400;1.092200
1997-09-12;1.091700;1.092500
1997-09-15;1.091900;1.092700
1997-09-16;1.092400;1.093200
1997-09-17;1.093000;1.093800
1997-09-18;1.093400;1.094200
1997-09-19;1.093500;1.094300
1997-09-22;1.094100;1.094900
1997-09-23;1.094400;1.095200
1997-09-24;1.094600;1.095400
1997-09-25;1.094700;1.095500
1997-09-26;1.095300;1.096100
1997-09-29;1.095400;1.096200
1997-09-30;1.095600;1.096400
1997-10-01;1.095900;1.096700
1997-10-02;1.096200;1.097000
1997-10-03;1.096300;1.097100
1997-10-06;1.096600;1.097400
1997-10-07;1.096900;1.097700
1997-10-08;1.097100;1.097900
1997-10-09;1.097400;1.098200
1997-10-10;1.097700;1.098500
1997-10-13;1.097700;1.098500
1997-10-14;1.098000;1.098800
1997-10-15;1.098600;1.099400
1997-10-16;1.098800;1.099600
1997-10-17;1.099200;1.100000
1997-10-20;1.099500;1.100300
1997-10-21;1.099600;1.100400
1997-10-22;1.100000;1.100800
1997-10-23;1.100100;1.100900
1997-10-24;1.100400;1.101200
1997-10-27;1.101900;1.102700
1997-10-28;1.105600;1.106400
1997-10-29;1.101600;1.102400
1997-10-30;1.105500;1.106300
1997-10-31;1.102300;1.103100
1997-11-03;1.102200;1.103000
1997-11-04;1.103300;1.104100
1997-11-05;1.103300;1.104100
1997-11-06;1.106100;1.106900
1997-11-07;1.107400;1.108200
1997-11-10;1.104500;1.105300
1997-11-11;1.104200;1.105000
1997-11-12;1.105600;1.106400
1997-11-13;1.106200;1.107000
1997-11-14;1.107400;1.108200
1997-11-17;1.105900;1.106700
1997-11-18;1.105800;1.106600
1997-11-19;1.107300;1.108100
1997-11-20;1.107300;1.108100
1997-11-21;1.108600;1.109400
1997-11-24;1.108900;1.109700
1997-11-25;1.109600;1.110400
1997-11-26;1.109600;1.110400
1997-11-27;1.108100;1.108900
1997-11-28;1.109000;1.109800
1997-12-01;1.108800;1.109600
1997-12-02;1.108800;1.109600
1997-12-03;1.109600;1.110400
1997-12-04;1.109800;1.110600
1997-12-05;1.109700;1.110500
1997-12-08;1.111100;1.111900
1997-12-09;1.111400;1.112200
1997-12-10;1.112100;1.112900
1997-12-11;1.114300;1.115100
1997-12-12;1.115400;1.116200
1997-12-15;1.113500;1.114300
1997-12-16;1.112600;1.113400
1997-12-17;1.113300;1.114100
1997-12-18;1.113600;1.114400
1997-12-19;1.114000;1.114800
1997-12-22;1.114300;1.115100
1997-12-23;1.114200;1.115000
1997-12-24;1.114200;1.115000
1997-12-26;1.114300;1.115100
1997-12-29;1.114900;1.115700
1997-12-30;1.115600;1.116400
1997-12-31;1.115600;1.116400
1998-01-02;1.115700;1.116500
1998-01-05;1.115700;1.116500
1998-01-06;1.116100;1.116900
1998-01-07;1.116700;1.117500
1998-01-08;1.117200;1.118000
1998-01-09;1.117600;1.118400
1998-01-12;1.118400;1.119200
1998-01-13;1.117900;1.118700
1998-01-14;1.118200;1.119000
1998-01-15;1.119800;1.120600
1998-01-16;1.119700;1.120500
1998-01-19;1.119300;1.120100
1998-01-20;1.119700;1.120500
1998-01-21;1.119900;1.120700
1998-01-22;1.119800;1.120600
1998-01-23;1.120700;1.121500
1998-01-26;1.120800;1.121600
1998-01-27;1.121600;1.122400
1998-01-28;1.121900;1.122700
1998-01-29;1.122200;1.123000
1998-01-30;1.122900;1.123700
1998-02-02;1.122800;1.123600
1998-02-03;1.123600;1.124400
1998-02-04;1.123700;1.124500
1998-02-05;1.123700;1.124500
1998-02-06;1.124600;1.125400
1998-02-09;1.124700;1.125500
1998-02-10;1.125600;1.126400
1998-02-11;1.125700;1.126500
1998-02-12;1.126000;1.126800
1998-02-13;1.126800;1.127600
1998-02-16;1.126600;1.127400
1998-02-17;1.127600;1.128400
1998-02-18;1.127800;1.128600
1998-02-19;1.128400;1.129200
1998-02-20;1.128700;1.129500
1998-02-25;1.128900;1.129700
1998-02-26;1.129000;1.129800
1998-02-27;1.129600;1.130400
1998-03-02;1.129700;1.130500
1998-03-03;1.129800;1.130600
1998-03-04;1.130600;1.131400
1998-03-05;1.130600;1.131400
1998-03-06;1.130700;1.131500
1998-03-09;1.131500;1.132300
1998-03-10;1.131600;1.132400
1998-03-11;1.131700;1.132500
1998-03-12;1.132000;1.132800
1998-03-13;1.132600;1.133400
1998-03-16;1.132700;1.133500
1998-03-17;1.132700;1.133500
1998-03-18;1.133600;1.134400
1998-03-19;1.133600;1.134400
1998-03-20;1.133800;1.134600
1998-03-23;1.134100;1.134900
1998-03-24;1.134400;1.135200
1998-03-25;1.135000;1.135800
1998-03-26;1.135200;1.136000
1998-03-27;1.135600;1.136400
1998-03-30;1.135700;1.136500
1998-03-31;1.136600;1.137400
1998-04-01;1.136700;1.137500
1998-04-02;1.136700;1.137500
1998-04-03;1.137600;1.138400
1998-04-06;1.138000;1.138800
1998-04-07;1.138000;1.138800
1998-04-08;1.138600;1.139400
1998-04-13;1.138900;1.139700
1998-04-14;1.139600;1.140400
1998-04-15;1.139900;1.140700
1998-04-16;1.140100;1.140900
1998-04-17;1.140600;1.141400
1998-04-20;1.141000;1.141800
1998-04-22;1.141700;1.142500
1998-04-23;1.142000;1.142800
1998-04-24;1.142700;1.143500
1998-04-27;1.143300;1.144100
1998-04-28;1.144100;1.144900
1998-04-29;1.144500;1.145300
1998-04-30;1.143500;1.144300
1998-05-04;1.143400;1.144200
1998-05-05;1.144100;1.144900
1998-05-06;1.144400;1.145200
1998-05-07;1.144300;1.145100
1998-05-08;1.144700;1.145500
1998-05-11;1.145100;1.145900
1998-05-12;1.145500;1.146300
1998-05-13;1.146600;1.147400
1998-05-14;1.146500;1.147300
1998-05-15;1.146400;1.147200
1998-05-18;1.146700;1.147500
1998-05-19;1.148000;1.148800
1998-05-20;1.148100;1.148900
1998-05-21;1.148900;1.149700
1998-05-22;1.150700;1.151500
1998-05-25;1.150800;1.151600
1998-05-26;1.152300;1.153100
1998-05-27;1.151200;1.152000
1998-05-28;1.149200;1.150000
1998-05-29;1.149700;1.150500
1998-06-01;1.151200;1.152000
1998-06-02;1.150900;1.151700
1998-06-03;1.151000;1.151800
1998-06-04;1.150900;1.151700
1998-06-05;1.151600;1.152400
1998-06-08;1.152100;1.152900
1998-06-09;1.152800;1.153600
1998-06-10;1.153800;1.154600
1998-06-12;1.154500;1.155300
1998-06-15;1.154300;1.155100
1998-06-16;1.154100;1.154900
1998-06-17;1.154500;1.155300
1998-06-18;1.154900;1.155700
1998-06-19;1.155400;1.156200
1998-06-22;1.154600;1.155400
1998-06-23;1.154700;1.155500
1998-06-24;1.155100;1.155900
1998-06-25;1.155300;1.156100
1998-06-26;1.155600;1.156400
1998-06-29;1.155800;1.156600
1998-06-30;1.156100;1.156900
1998-07-01;1.156400;1.157200
1998-07-02;1.156400;1.157200
1998-07-03;1.156700;1.157500
1998-07-06;1.157500;1.158300
1998-07-07;1.158100;1.158900
1998-07-08;1.158900;1.159700
1998-07-09;1.160400;1.161200
1998-07-10;1.160400;1.161200
1998-07-13;1.161100;1.161900
1998-07-14;1.162600;1.163400
1998-07-15;1.160700;1.161500
1998-07-16;1.161300;1.162100
1998-07-17;1.160900;1.161700
1998-07-20;1.159900;1.160700
1998-07-21;1.160200;1.161000
1998-07-22;1.161200;1.162000
1998-07-23;1.163900;1.164700
1998-07-24;1.164700;1.165500
1998-07-27;1.165300;1.166100
1998-07-28;1.162700;1.163500
1998-07-29;1.162400;1.163200
1998-07-30;1.161600;1.162400
1998-07-31;1.162600;1.163400
1998-08-03;1.163500;1.164300
1998-08-04;1.165100;1.165900
1998-08-05;1.166300;1.167100
1998-08-06;1.167300;1.168100
1998-08-07;1.167500;1.168300
1998-08-10;1.168400;1.169200
1998-08-11;1.168100;1.168900
1998-08-12;1.169200;1.170000
1998-08-13;1.170800;1.171600
1998-08-14;1.170800;1.171600
1998-08-17;1.172200;1.173000
1998-08-18;1.173100;1.173900
1998-08-19;1.173400;1.174200
1998-08-20;1.173000;1.173800
1998-08-21;1.174500;1.175300
1998-08-24;1.174200;1.175000
1998-08-25;1.173900;1.174700
1998-08-26;1.172000;1.172800
1998-08-27;1.174500;1.175300
1998-08-28;1.175500;1.176300
1998-08-31;1.176100;1.176900
1998-09-01;1.176400;1.177200
1998-09-02;1.176600;1.177400
1998-09-03;1.177200;1.178000
1998-09-04;1.177600;1.178400
1998-09-08;1.176100;1.176900
1998-09-09;1.178400;1.179200
1998-09-10;1.178600;1.179400
1998-09-11;1.178500;1.179300
1998-09-14;1.179500;1.180300
1998-09-15;1.179000;1.179800
1998-09-16;1.178800;1.179600
1998-09-17;1.179300;1.180100
1998-09-18;1.180000;1.180800
1998-09-21;1.180800;1.181600
1998-09-22;1.182200;1.183000
1998-09-23;1.183000;1.183800
1998-09-24;1.182700;1.183500
1998-09-25;1.184000;1.184800
1998-09-28;1.184100;1.184900
1998-09-29;1.184200;1.185000
1998-09-30;1.184800;1.185600
1998-10-01;1.179900;1.180700
1998-10-02;1.182900;1.183700
1998-10-05;1.185200;1.186000
1998-10-06;1.184100;1.184900
1998-10-07;1.182300;1.183100
1998-10-08;1.183800;1.184600
1998-10-09;1.185900;1.186700
1998-10-13;1.186900;1.187700
1998-10-14;1.188000;1.188800
1998-10-15;1.187800;1.188600
1998-10-16;1.187800;1.188600
1998-10-19;1.189100;1.189900
1998-10-20;1.188800;1.189600
1998-10-21;1.189100;1.189900
1998-10-22;1.189700;1.190500
1998-10-23;1.190300;1.191100
1998-10-26;1.190500;1.191300
1998-10-27;1.191400;1.192200
1998-10-28;1.191600;1.192400
1998-10-29;1.191400;1.192200
1998-10-30;1.192400;1.193200
1998-11-03;1.192100;1.192900
1998-11-04;1.190800;1.191600
1998-11-05;1.189700;1.190500
1998-11-06;1.187600;1.188400
1998-11-09;1.189100;1.189900
1998-11-10;1.190300;1.191100
1998-11-11;1.190000;1.190800
1998-11-12;1.190500;1.191300
1998-11-13;1.190700;1.191500
1998-11-16;1.190100;1.190900
1998-11-17;1.190100;1.190900
1998-11-18;1.190500;1.191300
1998-11-19;1.192400;1.193200
1998-11-20;1.194200;1.195000
1998-11-23;1.196600;1.197400
1998-11-24;1.197000;1.197800
1998-11-25;1.197400;1.198200
1998-11-26;1.198400;1.199200
1998-11-27;1.199500;1.200300
1998-11-30;1.200400;1.201200
1998-12-01;1.200800;1.201600
1998-12-02;1.200500;1.201300
1998-12-03;1.201500;1.202300
1998-12-04;1.201800;1.202600
1998-12-07;1.202100;1.202900
1998-12-08;1.202700;1.203500
1998-12-09;1.202900;1.203700
1998-12-10;1.202600;1.203400
1998-12-11;1.203200;1.204000
1998-12-14;1.204000;1.204800
1998-12-15;1.204400;1.205200
1998-12-16;1.204500;1.205300
1998-12-17;1.205700;1.206500
1998-12-18;1.206000;1.206800
1998-12-21;1.206100;1.206900
1998-12-22;1.206600;1.207400
1998-12-23;1.207000;1.207800
1998-12-24;1.207100;1.207900
1998-12-28;1.207600;1.208400
1998-12-29;1.207600;1.208400
1998-12-30;1.207500;1.208300
1998-12-31;1.207900;1.208700
