ano;mes;nome_mes;origem;faturamento;itens;periodo
1996;7;julho;NORTHWIND;28035.4;1462;1996-07
1996;8;agosto;NORTHWIND;25813.31;1322;1996-08
1996;9;setembro;NORTHWIND;26874.1;1124;1996-09
1996;10;outubro;NORTHWIND;38438.22;1738;1996-10
1996;11;novembro;NORTHWIND;46951.09;1735;1996-11
1996;12;dezembro;NORTHWIND;46880.4;2200;1996-12
1997;1;janeiro;NORTHWIND;63827.86;2401;1997-01
1997;2;fevereiro;NORTHWIND;40356.4;2132;1997-02
1997;3;março;NORTHWIND;40745.64;1770;1997-03
1997;4;abril;NORTHWIND;56279.61;1912;1997-04
1997;5;maio;NORTHWIND;57404.1;2164;1997-05
1997;6;junho;NORTHWIND;39032.67;1635;1997-06
1997;7;julho;NORTHWIND;55120.59;2054;1997-07
1997;8;agosto;NORTHWIND;51414.2;1861;1997-08
1997;9;setembro;NORTHWIND;60799.18;2343;1997-09
1997;10;outubro;NORTHWIND;73321.45;2679;1997-10
1997;11;novembro;NORTHWIND;48178.21;1856;1997-11
1997;12;dezembro;NORTHWIND;79463.61;2682;1997-12
1998;1;janeiro;NORTHWIND;105416.34;3466;1998-01
1998;2;fevereiro;NORTHWIND;111978.53;3115;1998-02
1998;3;março;NORTHWIND;118856.55;4065;1998-03
1998;4;abril;NORTHWIND;141128.87;4680;1998-04
1998;5;maio;NORTHWIND;20970.8;921;1998-05
2024;10;outubro;MERCEARIA;24596.93;2539;2024-10
2024;11;novembro;MERCEARIA;26653.14;2646;2024-11
2024;12;dezembro;MERCEARIA;49331.29;4766;2024-12
2025;1;janeiro;MERCEARIA;22526.9;2203;2025-01
2025;2;fevereiro;MERCEARIA;21516.77;2089;2025-02
2025;3;março;MERCEARIA;26432.49;2558;2025-03
2025;4;abril;MERCEARIA;24004.53;2436;2025-04
2025;5;maio;MERCEARIA;19587.31;2206;2025-05
2025;6;junho;MERCEARIA;22972.75;2423;2025-06
2025;7;julho;MERCEARIA;25255.47;2532;2025-07
2025;8;agosto;MERCEARIA;25996.51;2589;2025-08
2025;9;setembro;MERCEARIA;22754.07;2254;2025-09
2025;10;outubro;MERCEARIA;19409.79;1871;2025-10
2025;11;novembro;MERCEARIA;23387.83;2418;2025-11
2025;12;dezembro;MERCEARIA;41801.97;4552;2025-12
2026;1;janeiro;MERCEARIA;24196.64;2493;2026-01
2026;2;fevereiro;MERCEARIA;22765.82;2082;2026-02
2026;3;março;MERCEARIA;21572.0;2148;2026-03
2026;4;abril;MERCEARIA;24877.61;2352;2026-04
2026;5;maio;MERCEARIA;27294.06;2682;2026-05
2026;6;junho;MERCEARIA;27452.57;2629;2026-06
2026;7;julho;MERCEARIA;23651.81;2433;2026-07
2026;8;agosto;MERCEARIA;24422.35;2511;2026-08
2026;9;setembro;MERCEARIA;21376.72;2093;2026-09
