nome_produto;categoria;origem;unidades;faturamento
Côte de Blaye;Beverages;NORTHWIND;623;153783.11
Thüringer Rostbratwurst;Meat/Poultry;NORTHWIND;746;88077.39
Fralda Descartável P 20un;Higiene e Beleza;MERCEARIA;2377;82957.3
Raclette Courdavault;Dairy Products;NORTHWIND;1496;77630.11
Tarte au sucre;Confections;NORTHWIND;1083;51231.83
Camembert Pierrot;Dairy Products;NORTHWIND;1577;50938.15
Arroz Tipo 1 5kg;Mercearia;MERCEARIA;2042;50845.8
Papel Higiênico 12 rolos;Higiene e Beleza;MERCEARIA;2044;46807.6
Gnocchi di nonna Alice;Grains/Cereals;NORTHWIND;1263;46077.05
Manjimup Dried Apples;Produce;NORTHWIND;886;45706.44
