nome_produto;qtd_comprada;qtd_vendida;custo_unit_medio;preco_unit_medio;margem_unit_media;margem_pct
Fralda Descartável P 20un;976;2377;22.69;34.9;12.21;35.0
Arroz Tipo 1 5kg;1344;2042;16.19;24.9;8.71;35.0
Papel Higiênico 12 rolos;1981;2044;14.89;22.9;8.01;35.0
Sabão em Pó 1,6kg;947;1880;12.29;18.9;6.61;35.0
Café Torrado e Moído 500g;547;2092;11.64;17.9;6.26;35.0
Shampoo 350ml;993;1825;10.99;16.9;5.91;35.0
Pão de Queijo Congelado 400g;797;2029;9.69;14.9;5.21;35.0
Pão Francês 1kg;1257;1993;8.39;12.9;4.51;35.0
Amaciante 2L;748;2022;8.39;12.9;4.51;35.0
Bolo de Cenoura 400g;1326;2124;7.74;11.9;4.16;35.0
Refrigerante Cola 2L;1274;2144;6.49;9.99;3.5;35.0
Energético 473ml;834;2065;6.17;9.49;3.32;35.0
Feijão Carioca 1kg;1072;1958;5.52;8.49;2.97;35.0
Suco de Laranja 1L;962;1935;4.87;7.49;2.62;35.0
Óleo de Soja 900ml;1117;2112;4.74;7.29;2.55;35.0
Desinfetante 1L;1440;1900;4.22;6.49;2.27;35.0
Tomate 1kg;683;2091;3.89;5.99;2.1;35.1
Leite Integral 1L;1154;1961;3.5;5.39;1.89;35.1
Creme Dental 90g;1084;2109;3.44;5.29;1.85;35.0
Farinha de Trigo 1kg;1536;2073;3.37;5.19;1.82;35.1
Banana Prata 1kg;1141;1964;3.24;4.99;1.75;35.1
Açúcar Refinado 1kg;1181;2099;3.11;4.79;1.68;35.1
Água Sanitária 1L;648;1877;2.92;4.49;1.57;35.0
Macarrão Espaguete 500g;1666;2141;2.79;4.29;1.5;35.0
Cerveja Lata 350ml;1667;1943;2.72;4.19;1.47;35.1
Molho de Tomate 340g;195;2288;2.14;3.29;1.15;35.0
Água Mineral 1,5L;633;2171;2.07;3.19;1.12;35.1
Detergente 500ml;918;1955;1.94;2.99;1.05;35.1
Sabonete 90g;1214;2143;1.81;2.79;0.98;35.1
Sal Refinado 1kg;1167;2148;1.62;2.49;0.87;34.9
